{
  "num1": {
    "max": 29.9990704777,
    "mean": 14.99452392670397,
    "min": 0.000429836905286
  },
  "num2": {
    "max": 20.0,
    "mean": 9.986,
    "min": 0.0
  },
  "num3": {
    "max": 9.99916728747,
    "mean": 4.959692185169858,
    "min": 0.000280673088091
  }
}